n,edad_media,edad_sd,pas_media,pas_sd,imc_media,imc_sd,colesterol_media,colesterol_sd
200,60.03,9.638652296376929,201.95,11.00787748996921,28.1265,3.8562287602340555,209.255,35.87036927548696
